Ai,battery_power,blue,clock_speed,dual_sim,fc,four_g,int_memory,m_dep,mobile_wt,n_cores,pc,px_height,px_width,ram,sc_h,sc_w,talk_time,three_g,touch_screen,wifi,price_range,Rank
$A_{1}$,1840.0,0.0,0.5,1.0,12.0,0.0,34.0,0.7,142.0,1.0,16.0,311.0,1545.0,1078.0,8.0,0.0,10.0,0.0,0.0,0.0,1.0,145.0
$A_{2}$,1156.0,1.0,1.2,1.0,0.0,1.0,50.0,0.8,159.0,2.0,0.0,322.0,547.0,470.0,7.0,0.0,15.0,1.0,1.0,0.0,0.0,46.0
$A_{3}$,748.0,1.0,1.7,0.0,0.0,1.0,27.0,0.9,150.0,8.0,4.0,450.0,1554.0,2126.0,18.0,9.0,7.0,1.0,0.0,0.0,1.0,100.0
$A_{4}$,1514.0,0.0,2.9,0.0,0.0,0.0,27.0,0.2,118.0,3.0,1.0,186.0,1810.0,1152.0,8.0,3.0,20.0,0.0,1.0,1.0,1.0,123.0
$A_{5}$,1602.0,1.0,2.8,1.0,4.0,1.0,38.0,0.7,114.0,3.0,20.0,466.0,788.0,1037.0,8.0,7.0,20.0,1.0,0.0,0.0,0.0,36.0
$A_{6}$,1021.0,1.0,0.5,1.0,0.0,1.0,53.0,0.7,136.0,3.0,6.0,905.0,1988.0,2631.0,17.0,3.0,7.0,1.0,1.0,0.0,2.0,39.0
$A_{7}$,1296.0,0.0,0.9,1.0,0.0,1.0,14.0,0.5,124.0,5.0,3.0,811.0,1272.0,490.0,7.0,1.0,4.0,1.0,1.0,1.0,0.0,54.0
$A_{8}$,578.0,1.0,2.6,1.0,2.0,1.0,57.0,0.2,162.0,8.0,8.0,1025.0,1433.0,1270.0,15.0,3.0,5.0,1.0,0.0,1.0,0.0,9.0
$A_{9}$,1481.0,1.0,0.7,1.0,4.0,1.0,37.0,0.6,96.0,5.0,13.0,116.0,1533.0,2945.0,10.0,5.0,16.0,1.0,1.0,1.0,2.0,5.0
$A_{10}$,826.0,1.0,2.4,1.0,0.0,1.0,58.0,0.3,88.0,4.0,1.0,179.0,786.0,2863.0,9.0,3.0,18.0,1.0,0.0,1.0,2.0,22.0
$A_{11}$,1379.0,0.0,1.1,0.0,5.0,1.0,36.0,0.8,200.0,2.0,7.0,538.0,1376.0,3426.0,5.0,4.0,17.0,1.0,1.0,1.0,3.0,79.0
$A_{12}$,1657.0,1.0,2.4,0.0,3.0,0.0,42.0,0.1,198.0,5.0,16.0,1770.0,1796.0,2597.0,18.0,1.0,14.0,1.0,0.0,0.0,3.0,121.0
$A_{13}$,1656.0,0.0,1.0,0.0,5.0,1.0,34.0,0.1,166.0,3.0,7.0,880.0,1456.0,1629.0,15.0,12.0,14.0,1.0,1.0,0.0,1.0,97.0
$A_{14}$,1692.0,1.0,2.1,0.0,3.0,1.0,61.0,0.9,176.0,6.0,12.0,975.0,1996.0,1354.0,16.0,7.0,19.0,1.0,0.0,0.0,1.0,76.0
$A_{15}$,1804.0,0.0,0.5,0.0,9.0,1.0,22.0,0.6,153.0,7.0,19.0,1158.0,1244.0,3472.0,9.0,1.0,20.0,1.0,0.0,1.0,3.0,92.0
$A_{16}$,1723.0,1.0,1.1,1.0,1.0,0.0,42.0,1.0,164.0,8.0,14.0,202.0,1791.0,3587.0,10.0,5.0,3.0,1.0,0.0,0.0,3.0,113.0
$A_{17}$,625.0,1.0,1.2,1.0,5.0,1.0,10.0,0.2,183.0,4.0,8.0,635.0,842.0,3323.0,9.0,1.0,7.0,1.0,1.0,1.0,2.0,6.0
$A_{18}$,543.0,0.0,0.5,0.0,0.0,0.0,57.0,0.7,192.0,5.0,4.0,391.0,984.0,2413.0,17.0,14.0,15.0,1.0,0.0,0.0,1.0,156.0
$A_{19}$,799.0,1.0,2.3,0.0,1.0,1.0,63.0,0.8,144.0,8.0,6.0,361.0,975.0,431.0,15.0,6.0,6.0,1.0,1.0,1.0,0.0,15.0
$A_{20}$,1900.0,1.0,2.3,0.0,1.0,1.0,18.0,0.2,89.0,7.0,9.0,1055.0,1661.0,2871.0,12.0,1.0,13.0,1.0,1.0,1.0,3.0,19.0
$A_{21}$,1270.0,1.0,0.6,1.0,2.0,1.0,32.0,0.5,101.0,7.0,6.0,299.0,845.0,3770.0,5.0,3.0,13.0,1.0,1.0,0.0,3.0,44.0
$A_{22}$,1082.0,0.0,0.8,0.0,0.0,0.0,38.0,0.1,198.0,8.0,5.0,986.0,1191.0,2337.0,6.0,1.0,17.0,0.0,1.0,1.0,2.0,127.0
$A_{23}$,1063.0,0.0,1.4,1.0,2.0,1.0,48.0,1.0,128.0,5.0,4.0,127.0,683.0,2910.0,15.0,13.0,9.0,1.0,1.0,1.0,2.0,38.0
$A_{24}$,1380.0,1.0,2.1,1.0,1.0,1.0,4.0,0.8,92.0,3.0,13.0,420.0,500.0,797.0,13.0,2.0,15.0,1.0,1.0,0.0,0.0,29.0
$A_{25}$,1815.0,0.0,2.8,0.0,2.0,0.0,33.0,0.6,159.0,4.0,17.0,607.0,748.0,1482.0,18.0,0.0,2.0,1.0,0.0,0.0,1.0,157.0
$A_{26}$,797.0,1.0,2.9,1.0,4.0,0.0,38.0,0.5,90.0,4.0,6.0,763.0,1413.0,590.0,9.0,2.0,6.0,0.0,1.0,0.0,0.0,67.0
$A_{27}$,1701.0,1.0,1.6,1.0,3.0,0.0,10.0,0.3,194.0,8.0,7.0,550.0,1338.0,2598.0,12.0,9.0,6.0,0.0,1.0,0.0,2.0,73.0
$A_{28}$,685.0,0.0,0.5,0.0,2.0,0.0,29.0,0.8,93.0,7.0,10.0,433.0,648.0,728.0,14.0,8.0,4.0,0.0,0.0,1.0,0.0,147.0
$A_{29}$,682.0,1.0,0.5,0.0,4.0,0.0,19.0,1.0,121.0,4.0,11.0,902.0,1064.0,2337.0,11.0,1.0,18.0,0.0,1.0,1.0,1.0,72.0
$A_{30}$,987.0,0.0,1.3,1.0,0.0,1.0,61.0,0.4,107.0,3.0,9.0,581.0,820.0,3963.0,9.0,4.0,20.0,1.0,0.0,1.0,3.0,75.0
$A_{31}$,1358.0,1.0,0.5,0.0,11.0,1.0,36.0,0.3,155.0,4.0,14.0,1565.0,1858.0,3068.0,9.0,4.0,4.0,1.0,1.0,0.0,3.0,51.0
$A_{32}$,536.0,0.0,2.4,1.0,12.0,1.0,3.0,0.3,182.0,7.0,14.0,1386.0,1539.0,284.0,12.0,9.0,4.0,1.0,1.0,0.0,0.0,42.0
$A_{33}$,1720.0,0.0,2.0,0.0,15.0,1.0,55.0,0.5,168.0,2.0,18.0,753.0,1353.0,2148.0,14.0,2.0,5.0,1.0,1.0,1.0,2.0,43.0
$A_{34}$,1272.0,1.0,2.5,1.0,0.0,0.0,22.0,0.9,133.0,6.0,8.0,605.0,669.0,2235.0,19.0,4.0,4.0,1.0,0.0,0.0,1.0,107.0
$A_{35}$,1732.0,1.0,1.1,0.0,4.0,1.0,12.0,0.8,119.0,8.0,9.0,824.0,881.0,1308.0,16.0,7.0,11.0,1.0,0.0,1.0,1.0,52.0
$A_{36}$,1309.0,0.0,1.1,1.0,0.0,0.0,33.0,0.5,100.0,4.0,14.0,557.0,1402.0,2334.0,10.0,1.0,11.0,1.0,0.0,1.0,2.0,118.0
$A_{37}$,775.0,0.0,1.0,0.0,3.0,0.0,46.0,0.7,159.0,2.0,16.0,862.0,1864.0,568.0,17.0,15.0,11.0,1.0,1.0,1.0,0.0,86.0
$A_{38}$,1949.0,0.0,1.3,1.0,0.0,0.0,23.0,0.1,101.0,5.0,1.0,839.0,1136.0,2478.0,14.0,8.0,20.0,1.0,0.0,0.0,3.0,148.0
$A_{39}$,769.0,1.0,2.9,1.0,0.0,0.0,9.0,0.1,182.0,5.0,1.0,248.0,874.0,3946.0,5.0,2.0,7.0,0.0,0.0,0.0,3.0,138.0
$A_{40}$,1355.0,0.0,2.3,0.0,10.0,1.0,23.0,0.2,132.0,5.0,16.0,651.0,891.0,880.0,19.0,4.0,8.0,1.0,1.0,0.0,0.0,82.0
$A_{41}$,1905.0,0.0,0.6,1.0,9.0,1.0,36.0,0.4,119.0,3.0,20.0,825.0,1542.0,1287.0,13.0,4.0,16.0,1.0,0.0,0.0,1.0,90.0
$A_{42}$,1577.0,0.0,0.5,1.0,0.0,1.0,42.0,0.3,197.0,5.0,4.0,1045.0,1737.0,2060.0,19.0,6.0,12.0,1.0,0.0,0.0,2.0,120.0
$A_{43}$,589.0,1.0,2.3,1.0,1.0,0.0,61.0,0.6,160.0,4.0,10.0,429.0,815.0,2113.0,13.0,7.0,2.0,1.0,0.0,1.0,1.0,58.0
$A_{44}$,1137.0,1.0,1.0,0.0,18.0,0.0,7.0,1.0,196.0,3.0,19.0,942.0,1179.0,3616.0,13.0,5.0,12.0,1.0,1.0,1.0,3.0,34.0
$A_{45}$,1821.0,1.0,1.2,0.0,13.0,1.0,44.0,0.6,141.0,2.0,14.0,1208.0,1212.0,1411.0,8.0,2.0,15.0,1.0,1.0,0.0,1.0,35.0
$A_{46}$,657.0,0.0,2.5,0.0,0.0,0.0,37.0,0.7,141.0,2.0,1.0,476.0,961.0,1412.0,14.0,3.0,18.0,0.0,1.0,0.0,0.0,154.0
$A_{47}$,1083.0,1.0,2.9,1.0,1.0,1.0,64.0,0.8,178.0,3.0,11.0,1025.0,1118.0,3210.0,13.0,3.0,4.0,1.0,0.0,0.0,3.0,69.0
$A_{48}$,1008.0,0.0,0.8,0.0,11.0,0.0,61.0,1.0,114.0,3.0,15.0,1077.0,1122.0,2009.0,10.0,3.0,11.0,1.0,0.0,0.0,1.0,153.0
$A_{49}$,1572.0,0.0,0.6,0.0,0.0,1.0,58.0,0.2,157.0,7.0,8.0,1109.0,1937.0,2462.0,12.0,8.0,10.0,1.0,0.0,0.0,3.0,144.0
$A_{50}$,1562.0,1.0,1.3,1.0,1.0,1.0,7.0,0.2,190.0,5.0,15.0,642.0,1533.0,2243.0,12.0,10.0,6.0,1.0,0.0,0.0,2.0,64.0
$A_{51}$,999.0,0.0,2.9,1.0,11.0,1.0,64.0,0.2,199.0,4.0,19.0,1397.0,1616.0,2593.0,14.0,11.0,16.0,1.0,1.0,0.0,2.0,26.0
$A_{52}$,617.0,1.0,2.3,0.0,0.0,0.0,32.0,0.5,199.0,7.0,20.0,768.0,874.0,2213.0,18.0,13.0,7.0,0.0,0.0,0.0,1.0,134.0
$A_{53}$,1490.0,1.0,0.5,1.0,4.0,1.0,64.0,0.3,150.0,8.0,8.0,1417.0,1464.0,3600.0,17.0,9.0,7.0,1.0,1.0,1.0,3.0,1.0
$A_{54}$,947.0,0.0,0.8,1.0,0.0,1.0,22.0,0.1,197.0,2.0,13.0,1176.0,1220.0,2842.0,16.0,12.0,2.0,1.0,0.0,0.0,2.0,116.0
$A_{55}$,803.0,1.0,2.1,0.0,7.0,0.0,17.0,1.0,198.0,4.0,11.0,344.0,1440.0,2680.0,7.0,1.0,4.0,1.0,0.0,1.0,2.0,99.0
$A_{56}$,843.0,1.0,0.5,0.0,1.0,1.0,56.0,0.1,147.0,5.0,17.0,140.0,800.0,2341.0,10.0,1.0,20.0,1.0,1.0,1.0,1.0,16.0
$A_{57}$,1414.0,0.0,2.0,1.0,2.0,0.0,54.0,0.8,99.0,7.0,3.0,262.0,829.0,3799.0,17.0,7.0,7.0,1.0,0.0,1.0,3.0,115.0
$A_{58}$,605.0,0.0,1.0,0.0,8.0,1.0,9.0,0.1,142.0,3.0,16.0,160.0,1026.0,392.0,15.0,6.0,4.0,1.0,0.0,0.0,0.0,141.0
$A_{59}$,596.0,0.0,2.1,1.0,9.0,0.0,64.0,0.8,111.0,8.0,15.0,885.0,1854.0,3238.0,16.0,13.0,10.0,0.0,0.0,0.0,3.0,139.0
$A_{60}$,772.0,0.0,1.1,1.0,12.0,0.0,39.0,0.8,81.0,7.0,14.0,1314.0,1854.0,2819.0,17.0,15.0,3.0,1.0,1.0,0.0,3.0,88.0
$A_{61}$,725.0,0.0,1.3,1.0,16.0,0.0,60.0,0.4,160.0,8.0,17.0,1134.0,1249.0,1326.0,10.0,4.0,15.0,1.0,0.0,0.0,1.0,104.0
$A_{62}$,1448.0,1.0,0.5,1.0,6.0,1.0,45.0,0.8,138.0,7.0,11.0,570.0,1724.0,3378.0,13.0,11.0,2.0,1.0,1.0,1.0,3.0,3.0
$A_{63}$,1103.0,0.0,1.0,1.0,6.0,0.0,29.0,0.7,111.0,6.0,8.0,990.0,1486.0,1837.0,8.0,7.0,16.0,0.0,1.0,1.0,1.0,70.0
$A_{64}$,885.0,0.0,2.3,1.0,0.0,1.0,15.0,0.4,103.0,7.0,0.0,769.0,802.0,1410.0,16.0,10.0,5.0,1.0,1.0,1.0,0.0,28.0
$A_{65}$,1665.0,1.0,0.5,0.0,3.0,1.0,60.0,0.2,194.0,6.0,18.0,1572.0,1684.0,1601.0,18.0,17.0,14.0,1.0,0.0,0.0,2.0,66.0
$A_{66}$,668.0,0.0,0.5,1.0,0.0,0.0,3.0,0.1,155.0,5.0,13.0,666.0,1203.0,2746.0,9.0,5.0,8.0,1.0,1.0,1.0,2.0,83.0
$A_{67}$,851.0,0.0,0.5,0.0,3.0,0.0,21.0,0.4,200.0,5.0,7.0,1171.0,1263.0,478.0,12.0,7.0,10.0,1.0,0.0,1.0,0.0,140.0
$A_{68}$,1814.0,0.0,1.4,1.0,1.0,1.0,9.0,0.4,141.0,2.0,2.0,756.0,786.0,3556.0,18.0,12.0,16.0,1.0,0.0,0.0,3.0,124.0
$A_{69}$,1484.0,0.0,3.0,0.0,3.0,0.0,12.0,0.6,134.0,3.0,5.0,916.0,969.0,1457.0,14.0,4.0,20.0,1.0,1.0,0.0,1.0,143.0
$A_{70}$,1564.0,0.0,2.3,0.0,4.0,1.0,25.0,0.5,189.0,6.0,17.0,1259.0,1965.0,1496.0,6.0,4.0,7.0,1.0,1.0,1.0,1.0,59.0
$A_{71}$,1166.0,0.0,1.5,1.0,0.0,1.0,43.0,0.8,80.0,4.0,1.0,205.0,603.0,3993.0,7.0,1.0,7.0,1.0,1.0,0.0,3.0,109.0
$A_{72}$,1654.0,1.0,1.5,1.0,0.0,1.0,43.0,0.3,109.0,2.0,0.0,546.0,629.0,3112.0,12.0,5.0,10.0,1.0,1.0,0.0,3.0,47.0
$A_{73}$,1949.0,0.0,2.6,1.0,4.0,0.0,47.0,0.3,199.0,4.0,7.0,407.0,822.0,1433.0,11.0,5.0,20.0,0.0,0.0,1.0,1.0,103.0
$A_{74}$,1224.0,0.0,0.5,0.0,16.0,1.0,6.0,0.4,109.0,6.0,18.0,747.0,826.0,506.0,10.0,0.0,11.0,1.0,1.0,1.0,0.0,40.0
$A_{75}$,1569.0,0.0,2.8,1.0,17.0,0.0,44.0,0.3,110.0,4.0,20.0,45.0,1942.0,1260.0,9.0,2.0,17.0,1.0,0.0,0.0,1.0,106.0
$A_{76}$,819.0,0.0,0.6,1.0,8.0,1.0,42.0,0.9,188.0,6.0,20.0,339.0,1242.0,1814.0,5.0,4.0,13.0,1.0,0.0,1.0,1.0,62.0
$A_{77}$,1957.0,0.0,0.9,1.0,11.0,0.0,31.0,0.6,181.0,3.0,16.0,396.0,1732.0,3801.0,12.0,0.0,7.0,1.0,0.0,1.0,3.0,101.0
$A_{78}$,1725.0,1.0,1.6,1.0,6.0,1.0,6.0,0.5,119.0,2.0,18.0,609.0,1307.0,3429.0,6.0,5.0,4.0,1.0,1.0,0.0,3.0,27.0
$A_{79}$,959.0,1.0,2.6,1.0,15.0,0.0,20.0,1.0,84.0,4.0,19.0,561.0,1631.0,3965.0,16.0,1.0,6.0,1.0,0.0,0.0,3.0,80.0
$A_{80}$,1724.0,0.0,2.0,1.0,2.0,1.0,57.0,0.5,177.0,3.0,5.0,1605.0,1924.0,2822.0,19.0,3.0,16.0,1.0,1.0,0.0,3.0,74.0
$A_{81}$,640.0,0.0,0.6,0.0,0.0,0.0,20.0,0.1,163.0,4.0,15.0,710.0,1179.0,2844.0,7.0,5.0,18.0,1.0,1.0,0.0,2.0,146.0
$A_{82}$,702.0,0.0,2.6,1.0,2.0,1.0,9.0,0.7,141.0,3.0,3.0,504.0,1570.0,2955.0,10.0,4.0,19.0,1.0,0.0,0.0,2.0,126.0
$A_{83}$,1753.0,0.0,0.5,1.0,0.0,1.0,31.0,0.1,134.0,1.0,18.0,1590.0,1926.0,1324.0,17.0,0.0,17.0,1.0,0.0,1.0,2.0,68.0
$A_{84}$,801.0,1.0,2.2,1.0,2.0,0.0,63.0,0.4,165.0,7.0,4.0,650.0,879.0,1617.0,17.0,4.0,19.0,0.0,0.0,1.0,1.0,61.0
$A_{85}$,609.0,0.0,0.5,0.0,3.0,0.0,26.0,0.3,93.0,4.0,4.0,938.0,1948.0,1866.0,11.0,10.0,14.0,1.0,1.0,1.0,1.0,98.0
$A_{86}$,1854.0,0.0,3.0,0.0,2.0,1.0,8.0,0.1,101.0,5.0,5.0,506.0,627.0,1886.0,17.0,4.0,20.0,1.0,1.0,0.0,1.0,102.0
$A_{87}$,1126.0,1.0,2.4,0.0,2.0,1.0,10.0,0.4,160.0,6.0,3.0,1223.0,1611.0,2050.0,7.0,6.0,12.0,1.0,1.0,1.0,2.0,18.0
$A_{88}$,1510.0,1.0,0.9,1.0,2.0,0.0,45.0,0.9,180.0,5.0,3.0,708.0,1752.0,3484.0,9.0,6.0,11.0,0.0,1.0,1.0,3.0,48.0
$A_{89}$,523.0,0.0,2.6,1.0,1.0,0.0,14.0,0.1,155.0,8.0,2.0,304.0,1042.0,1427.0,9.0,1.0,9.0,0.0,1.0,0.0,0.0,132.0
$A_{90}$,1114.0,0.0,2.8,0.0,4.0,1.0,9.0,0.4,197.0,3.0,15.0,1040.0,1071.0,907.0,10.0,7.0,17.0,1.0,1.0,0.0,0.0,94.0
$A_{91}$,1319.0,1.0,0.9,0.0,3.0,1.0,41.0,0.9,107.0,1.0,18.0,85.0,1152.0,2227.0,18.0,5.0,3.0,1.0,1.0,1.0,1.0,20.0
$A_{92}$,1266.0,0.0,0.5,0.0,0.0,1.0,5.0,0.1,95.0,6.0,9.0,1365.0,1698.0,1687.0,11.0,0.0,18.0,1.0,0.0,0.0,2.0,149.0
$A_{93}$,1308.0,0.0,1.9,0.0,0.0,1.0,61.0,0.7,106.0,3.0,7.0,59.0,1215.0,3355.0,15.0,2.0,4.0,1.0,0.0,1.0,3.0,128.0
$A_{94}$,668.0,0.0,2.9,1.0,7.0,0.0,30.0,0.2,195.0,8.0,12.0,522.0,1056.0,2399.0,10.0,5.0,7.0,1.0,1.0,1.0,1.0,55.0
$A_{95}$,1054.0,1.0,1.8,1.0,3.0,1.0,40.0,0.8,196.0,7.0,10.0,27.0,774.0,2296.0,16.0,12.0,12.0,1.0,0.0,1.0,1.0,13.0
$A_{96}$,1523.0,1.0,2.4,0.0,5.0,1.0,57.0,0.2,117.0,2.0,6.0,247.0,539.0,3971.0,18.0,12.0,10.0,1.0,1.0,1.0,3.0,12.0
$A_{97}$,509.0,1.0,0.6,1.0,2.0,1.0,9.0,0.1,93.0,5.0,15.0,1137.0,1224.0,513.0,19.0,10.0,12.0,1.0,0.0,0.0,0.0,45.0
$A_{98}$,961.0,1.0,1.5,1.0,10.0,0.0,51.0,0.3,152.0,6.0,16.0,554.0,621.0,2981.0,15.0,6.0,7.0,1.0,1.0,1.0,2.0,8.0
$A_{99}$,1866.0,0.0,0.5,0.0,13.0,1.0,52.0,0.7,185.0,1.0,17.0,356.0,563.0,373.0,14.0,9.0,3.0,1.0,0.0,1.0,0.0,78.0
$A_{100}$,1322.0,0.0,1.7,1.0,6.0,0.0,7.0,0.8,140.0,3.0,9.0,177.0,1990.0,1418.0,19.0,17.0,12.0,0.0,1.0,0.0,1.0,114.0
$A_{101}$,838.0,0.0,0.5,0.0,1.0,1.0,13.0,0.1,196.0,8.0,4.0,984.0,1850.0,3554.0,10.0,9.0,19.0,1.0,0.0,1.0,3.0,108.0
$A_{102}$,1485.0,0.0,1.0,0.0,2.0,1.0,32.0,0.7,84.0,2.0,9.0,510.0,1013.0,2147.0,19.0,1.0,11.0,1.0,1.0,0.0,2.0,130.0
$A_{103}$,1412.0,1.0,2.4,0.0,5.0,0.0,25.0,0.8,96.0,8.0,17.0,516.0,1894.0,837.0,15.0,9.0,4.0,0.0,0.0,1.0,1.0,84.0
$A_{104}$,1310.0,1.0,2.2,1.0,0.0,1.0,51.0,0.6,100.0,4.0,0.0,178.0,1919.0,3845.0,7.0,0.0,12.0,1.0,1.0,0.0,3.0,50.0
$A_{105}$,1199.0,1.0,2.5,1.0,15.0,1.0,16.0,0.2,116.0,4.0,20.0,1168.0,1552.0,3448.0,17.0,13.0,10.0,1.0,0.0,1.0,3.0,2.0
$A_{106}$,1977.0,1.0,2.0,1.0,7.0,1.0,54.0,1.0,171.0,7.0,18.0,1226.0,1242.0,1971.0,18.0,7.0,14.0,1.0,1.0,0.0,2.0,10.0
$A_{107}$,1790.0,0.0,2.5,1.0,9.0,0.0,2.0,0.1,184.0,1.0,14.0,622.0,792.0,1366.0,7.0,0.0,20.0,1.0,1.0,1.0,1.0,60.0
$A_{108}$,1166.0,0.0,2.0,0.0,3.0,1.0,25.0,0.8,198.0,5.0,4.0,59.0,1203.0,2488.0,13.0,5.0,15.0,1.0,0.0,0.0,2.0,150.0
$A_{109}$,1866.0,0.0,1.4,0.0,0.0,0.0,30.0,0.5,182.0,3.0,0.0,108.0,1781.0,3834.0,16.0,11.0,8.0,0.0,0.0,0.0,3.0,160.0
$A_{110}$,1520.0,1.0,2.2,0.0,5.0,1.0,33.0,0.5,177.0,8.0,18.0,151.0,1005.0,3826.0,14.0,9.0,13.0,1.0,1.0,1.0,3.0,11.0
$A_{111}$,1775.0,1.0,1.5,0.0,3.0,0.0,41.0,0.1,163.0,1.0,7.0,1633.0,1869.0,2343.0,19.0,13.0,14.0,1.0,1.0,1.0,3.0,41.0
$A_{112}$,1135.0,1.0,2.0,1.0,0.0,0.0,46.0,0.3,83.0,1.0,4.0,293.0,1846.0,3029.0,19.0,17.0,9.0,1.0,1.0,1.0,3.0,17.0
$A_{113}$,1883.0,1.0,0.5,0.0,3.0,1.0,10.0,0.3,146.0,6.0,13.0,836.0,1739.0,2600.0,16.0,8.0,20.0,1.0,0.0,0.0,3.0,95.0
$A_{114}$,1213.0,1.0,0.5,0.0,0.0,0.0,16.0,0.5,108.0,5.0,0.0,226.0,1248.0,2700.0,12.0,3.0,9.0,0.0,0.0,1.0,2.0,129.0
$A_{115}$,1934.0,1.0,2.6,1.0,0.0,1.0,46.0,0.1,103.0,1.0,17.0,619.0,1299.0,2940.0,13.0,9.0,2.0,1.0,1.0,1.0,3.0,4.0
$A_{116}$,1131.0,1.0,0.5,1.0,11.0,0.0,49.0,0.6,101.0,5.0,18.0,658.0,878.0,1835.0,19.0,13.0,16.0,1.0,1.0,0.0,1.0,23.0
$A_{117}$,1461.0,0.0,2.4,1.0,3.0,1.0,40.0,0.5,141.0,7.0,4.0,1265.0,1298.0,3799.0,16.0,1.0,4.0,1.0,0.0,0.0,3.0,117.0
$A_{118}$,1193.0,0.0,0.9,0.0,11.0,0.0,26.0,0.5,166.0,1.0,20.0,730.0,1729.0,536.0,17.0,14.0,4.0,1.0,0.0,1.0,0.0,111.0
$A_{119}$,790.0,0.0,2.0,1.0,16.0,1.0,11.0,0.3,87.0,6.0,17.0,347.0,730.0,3169.0,6.0,1.0,2.0,1.0,0.0,1.0,2.0,53.0
$A_{120}$,1242.0,0.0,1.1,1.0,0.0,0.0,10.0,0.6,165.0,2.0,1.0,459.0,1225.0,1050.0,11.0,1.0,4.0,1.0,0.0,1.0,0.0,131.0
$A_{121}$,563.0,1.0,0.5,1.0,2.0,1.0,41.0,0.9,145.0,5.0,6.0,1263.0,1716.0,2603.0,11.0,2.0,9.0,1.0,1.0,0.0,2.0,37.0
$A_{122}$,1568.0,1.0,0.5,0.0,16.0,0.0,33.0,1.0,150.0,8.0,20.0,413.0,654.0,508.0,5.0,1.0,6.0,1.0,1.0,1.0,0.0,25.0
$A_{123}$,1502.0,1.0,1.2,0.0,0.0,0.0,54.0,0.2,138.0,5.0,12.0,65.0,588.0,3693.0,17.0,14.0,16.0,1.0,1.0,0.0,3.0,96.0
$A_{124}$,832.0,0.0,0.7,1.0,2.0,1.0,39.0,0.7,103.0,4.0,3.0,125.0,1504.0,1799.0,5.0,2.0,11.0,1.0,0.0,1.0,1.0,85.0
$A_{125}$,1441.0,0.0,2.1,1.0,11.0,1.0,3.0,0.1,118.0,8.0,17.0,577.0,1071.0,2317.0,16.0,4.0,7.0,1.0,0.0,1.0,2.0,49.0
$A_{126}$,783.0,0.0,1.8,1.0,0.0,1.0,43.0,1.0,106.0,3.0,4.0,1198.0,1471.0,2016.0,16.0,4.0,18.0,1.0,1.0,0.0,1.0,81.0
$A_{127}$,645.0,0.0,0.5,0.0,1.0,0.0,41.0,1.0,197.0,7.0,10.0,327.0,580.0,2962.0,12.0,9.0,4.0,1.0,1.0,1.0,2.0,122.0
$A_{128}$,842.0,0.0,2.2,0.0,1.0,0.0,7.0,0.6,188.0,2.0,2.0,20.0,756.0,2549.0,9.0,7.0,19.0,0.0,0.0,1.0,1.0,152.0
$A_{129}$,1757.0,0.0,0.5,0.0,8.0,0.0,49.0,0.5,180.0,6.0,14.0,265.0,713.0,2056.0,7.0,5.0,4.0,0.0,0.0,0.0,1.0,158.0
$A_{130}$,1859.0,0.0,0.5,1.0,3.0,0.0,22.0,0.7,164.0,1.0,7.0,1004.0,1654.0,1067.0,17.0,1.0,10.0,1.0,0.0,0.0,1.0,151.0
$A_{131}$,1989.0,0.0,2.5,1.0,0.0,1.0,41.0,0.8,94.0,3.0,13.0,1100.0,1497.0,1665.0,17.0,9.0,12.0,1.0,1.0,1.0,2.0,24.0
$A_{132}$,1939.0,1.0,2.8,1.0,0.0,1.0,55.0,0.6,199.0,4.0,10.0,320.0,520.0,1047.0,14.0,10.0,18.0,1.0,1.0,0.0,0.0,14.0
$A_{133}$,1571.0,0.0,1.4,0.0,0.0,1.0,19.0,0.1,100.0,6.0,1.0,713.0,1398.0,666.0,12.0,10.0,13.0,1.0,1.0,0.0,0.0,105.0
$A_{134}$,1646.0,1.0,2.3,0.0,8.0,1.0,41.0,0.2,185.0,2.0,10.0,1725.0,1932.0,3339.0,18.0,10.0,19.0,1.0,1.0,0.0,3.0,32.0
$A_{135}$,1661.0,0.0,1.9,1.0,5.0,0.0,23.0,1.0,172.0,5.0,10.0,846.0,1634.0,2676.0,12.0,6.0,11.0,0.0,1.0,1.0,3.0,87.0
$A_{136}$,866.0,0.0,0.5,1.0,5.0,1.0,46.0,0.5,179.0,8.0,7.0,692.0,1686.0,3825.0,12.0,11.0,2.0,1.0,1.0,1.0,3.0,31.0
$A_{137}$,772.0,1.0,2.4,1.0,1.0,1.0,10.0,0.5,80.0,4.0,2.0,1242.0,1712.0,3242.0,18.0,11.0,4.0,1.0,1.0,0.0,3.0,33.0
$A_{138}$,1101.0,0.0,1.8,0.0,0.0,0.0,31.0,0.2,148.0,2.0,7.0,387.0,1269.0,2196.0,12.0,6.0,19.0,0.0,1.0,1.0,1.0,119.0
$A_{139}$,1659.0,0.0,2.8,0.0,5.0,0.0,16.0,0.6,89.0,1.0,20.0,819.0,902.0,3255.0,19.0,14.0,9.0,0.0,0.0,1.0,3.0,142.0
$A_{140}$,1496.0,1.0,2.0,1.0,4.0,0.0,42.0,0.5,182.0,5.0,5.0,96.0,741.0,854.0,16.0,0.0,7.0,0.0,1.0,1.0,0.0,30.0
$A_{141}$,1579.0,1.0,0.5,1.0,0.0,0.0,5.0,0.2,88.0,7.0,9.0,1358.0,1739.0,3532.0,17.0,11.0,12.0,0.0,0.0,1.0,3.0,65.0
$A_{142}$,946.0,0.0,1.7,1.0,8.0,1.0,25.0,0.8,143.0,6.0,15.0,650.0,1740.0,2177.0,7.0,5.0,13.0,1.0,1.0,1.0,2.0,21.0
$A_{143}$,616.0,0.0,1.9,1.0,13.0,1.0,44.0,0.8,81.0,3.0,17.0,651.0,1618.0,3366.0,18.0,8.0,13.0,1.0,1.0,0.0,3.0,57.0
$A_{144}$,1195.0,1.0,2.8,0.0,1.0,1.0,20.0,0.8,110.0,2.0,14.0,1580.0,1652.0,504.0,9.0,3.0,12.0,1.0,1.0,0.0,0.0,56.0
$A_{145}$,956.0,0.0,0.5,0.0,1.0,1.0,41.0,1.0,143.0,7.0,6.0,511.0,1075.0,3286.0,17.0,8.0,12.0,1.0,1.0,0.0,3.0,133.0
$A_{146}$,1589.0,1.0,0.6,1.0,0.0,1.0,58.0,0.9,85.0,7.0,7.0,319.0,1206.0,3464.0,19.0,10.0,6.0,1.0,1.0,1.0,3.0,7.0
$A_{147}$,1165.0,1.0,2.4,0.0,11.0,0.0,41.0,0.2,178.0,6.0,12.0,564.0,831.0,764.0,19.0,12.0,15.0,1.0,0.0,0.0,0.0,91.0
$A_{148}$,1310.0,1.0,1.1,1.0,13.0,0.0,7.0,1.0,194.0,5.0,14.0,117.0,513.0,3182.0,8.0,4.0,5.0,1.0,1.0,0.0,2.0,63.0
$A_{149}$,786.0,0.0,2.2,1.0,0.0,0.0,33.0,0.5,141.0,7.0,6.0,507.0,1697.0,2390.0,12.0,11.0,5.0,1.0,0.0,1.0,2.0,110.0
$A_{150}$,1954.0,0.0,0.5,1.0,0.0,0.0,24.0,0.8,187.0,4.0,0.0,512.0,1149.0,700.0,16.0,3.0,5.0,1.0,1.0,1.0,0.0,89.0
$A_{151}$,1356.0,0.0,2.8,0.0,0.0,0.0,29.0,0.5,198.0,6.0,0.0,1612.0,1983.0,3702.0,17.0,0.0,19.0,0.0,0.0,0.0,3.0,159.0
$A_{152}$,867.0,0.0,1.4,1.0,0.0,1.0,4.0,0.7,135.0,6.0,1.0,70.0,1974.0,790.0,13.0,6.0,3.0,1.0,1.0,0.0,0.0,93.0
$A_{153}$,1692.0,0.0,2.3,1.0,4.0,1.0,46.0,0.9,139.0,1.0,6.0,674.0,1925.0,1394.0,16.0,10.0,6.0,1.0,1.0,0.0,1.0,71.0
$A_{154}$,596.0,0.0,1.4,0.0,8.0,0.0,46.0,0.6,165.0,1.0,18.0,953.0,984.0,2505.0,15.0,4.0,15.0,1.0,1.0,0.0,1.0,136.0
$A_{155}$,1445.0,1.0,0.5,0.0,0.0,0.0,53.0,0.7,174.0,7.0,14.0,386.0,836.0,1099.0,17.0,1.0,20.0,1.0,0.0,0.0,0.0,135.0
$A_{156}$,1038.0,0.0,1.2,0.0,3.0,0.0,43.0,0.7,141.0,1.0,5.0,4.0,638.0,3709.0,11.0,0.0,12.0,1.0,1.0,1.0,3.0,137.0
$A_{157}$,1678.0,0.0,2.1,0.0,3.0,1.0,64.0,0.9,134.0,3.0,11.0,436.0,536.0,278.0,19.0,0.0,10.0,1.0,1.0,0.0,0.0,112.0
$A_{158}$,1308.0,0.0,1.3,1.0,8.0,0.0,46.0,0.9,199.0,1.0,12.0,275.0,989.0,488.0,5.0,3.0,9.0,0.0,1.0,0.0,0.0,125.0
$A_{159}$,1831.0,0.0,1.4,1.0,2.0,0.0,43.0,0.9,150.0,5.0,5.0,611.0,1381.0,3834.0,17.0,7.0,13.0,1.0,1.0,1.0,3.0,77.0
$A_{160}$,593.0,0.0,0.5,0.0,6.0,0.0,31.0,0.4,156.0,7.0,7.0,1233.0,1317.0,1692.0,6.0,2.0,7.0,1.0,0.0,0.0,1.0,155.0
Types,1.0,1.0,1.0,1.0,1.0,1.0,1.0,-1.0,-1.0,1.0,1.0,1.0,1.0,1.0,1.0,1.0,1.0,1.0,1.0,1.0,-1.0,
